center_pos_list,l_peak_pos_list,r_peak_pos_list,footprint,left_peak,right_peak,inactive_mean,inactive_std,peak_weight,footprint_weight,global_std_weight,rho,pval,unbound,bound,recently bound
"[-7, -6, -5, -4, -3, -2, -1, 0, 1, 2, 3, 4, 5, 6]","[-76, -75, -74, -69, -68, -67, -66, -65, -64, -63, -61, -60, -59, -53, -51, -50, -49, -48, -47, -46, -45, -44, -43, -42, -41, -40, -39, -38, -37, -36, -35, -34, -33, -32, -31, -30, -29, -28, -27, -26, -25, -24, -23, -22, -21, -20, -19, -18, -17, -16, -15, -14, -13, -12, -11, -10, -9]","[8, 9, 10, 11, 12, 13, 14, 15, 16, 17, 18, 19, 20, 21, 22, 23, 24, 25, 26, 27, 28, 29, 30, 31, 32, 33, 34, 35, 36, 37, 38, 39, 41, 42, 43, 44, 45, 46, 48, 49, 50, 51, 52, 58, 59, 60, 61, 62, 63, 64, 65, 66, 67, 68]",0.1904894290929406,0.3736662199655337,0.3665374077632286,0.16958499970313143,0.0209799761429281,0.5,1.8,2,0.4678537216509418,2.5223194642489153e-109,164086,240394,52072
